,Time,Bio,Full Name,is Verified,is Private,Username,fb_page,No. of Post,followers,following,Picture URL,Time of Post,Accessibility Caption,Likes,Tags,No of Tags,Post Caption,is Video,Comments Counts,bussiness,new_user
0,2020-09-02 17:37:28.261450,"Indian Content Creator
Flying Beast// FitMuscle TV// Rasbhari Ke Papa
 
IIT KGP // Captain A320 ✈️ 
New channel- Rasbhari Ke Papa 👇",Gaurav Taneja (Flying Beast),True,False,taneja.gaurav,,784,1282485,332,https://scontent-dub4-1.cdninstagram.com/v/t51.2885-15/e35/118661724_315576339728454_4144218838146835299_n.jpg?_nc_ht=scontent-dub4-1.cdninstagram.com&_nc_cat=106&_nc_ohc=lTMET-GJlYgAX9yl_iG&oh=4c7dd09cc479b119df4e83d9837ccc25&oe=5F5264F2,2020-08-31 15:26:24.000000,,96638,[],0,['This is the place where some one recognizes me from my social media. Felt so nice.'],True,338,False,False
0,2020-09-02 17:37:28.269430,"Indian Content Creator
Flying Beast// FitMuscle TV// Rasbhari Ke Papa
 
IIT KGP // Captain A320 ✈️ 
New channel- Rasbhari Ke Papa 👇",Gaurav Taneja (Flying Beast),True,False,taneja.gaurav,,784,1282485,332,https://scontent-dub4-1.cdninstagram.com/v/t51.2885-15/e35/118599040_681881095744441_3083695091646692526_n.jpg?_nc_ht=scontent-dub4-1.cdninstagram.com&_nc_cat=101&_nc_ohc=vcAOzK1klnwAX-0hFYS&oh=4dcd8cfa033ecfe2d4e60e7d6bf9749a&oe=5F522953,2020-08-28 17:17:36.000000,,114315,['riturathee'],1,['Pacify game live stream \n#flyingbeast #RasbhariKePapa #LiveStream #Pacify'],False,603,False,False
0,2020-09-02 17:37:28.278406,"Indian Content Creator
Flying Beast// FitMuscle TV// Rasbhari Ke Papa
 
IIT KGP // Captain A320 ✈️ 
New channel- Rasbhari Ke Papa 👇",Gaurav Taneja (Flying Beast),True,False,taneja.gaurav,,784,1282485,332,https://scontent-dub4-1.cdninstagram.com/v/t51.2885-15/e35/p1080x1080/118317047_3536262116424358_506465095758483415_n.jpg?_nc_ht=scontent-dub4-1.cdninstagram.com&_nc_cat=110&_nc_ohc=RDjbcVjG5UEAX9oOS7_&oh=3ea8c9ea192af07d307236b6cf02798e&oe=5F775D27,2020-08-27 14:19:36.000000,"Photo shared by Gaurav Taneja (Flying Beast) on August 27, 2020 tagging @rasbhari.taneja. Image may contain: 2 people, closeup.",269454,['rasbhari.taneja'],1,['Who did it better ..'],False,2383,False,False
0,2020-09-02 17:37:28.289378,"Indian Content Creator
Flying Beast// FitMuscle TV// Rasbhari Ke Papa
 
IIT KGP // Captain A320 ✈️ 
New channel- Rasbhari Ke Papa 👇",Gaurav Taneja (Flying Beast),True,False,taneja.gaurav,,784,1282485,332,https://scontent-dub4-1.cdninstagram.com/v/t51.2885-15/e35/118313686_342527383457390_3320770890150341239_n.jpg?_nc_ht=scontent-dub4-1.cdninstagram.com&_nc_cat=102&_nc_ohc=WAshsA8TQAEAX_DHw3-&oh=27920dabad01f7f293b847cf4aee0368&oe=5F51D5F7,2020-08-26 11:35:59.000000,,150959,['realmeindia'],1,"[""Thank you @madhav.sheth for #TheRealBatteryChallenge! Enjoyed my workouts! All that rigourous training did manage to drain my battery, but well, the hour-long video recording couldn't drain the 6000mAh mega power battery of #realmeC15. Well, let's see who can dare to!\nHey @tanmaybhat you gotta take @realmeIndia challenge! Vlog your way to draining the battery, buddy!""]",True,1992,False,False
0,2020-09-02 17:37:28.295360,"Indian Content Creator
Flying Beast// FitMuscle TV// Rasbhari Ke Papa
 
IIT KGP // Captain A320 ✈️ 
New channel- Rasbhari Ke Papa 👇",Gaurav Taneja (Flying Beast),True,False,taneja.gaurav,,784,1282485,332,https://scontent-dub4-1.cdninstagram.com/v/t51.2885-15/e35/118196213_386272399002556_4329609804311120036_n.jpg?_nc_ht=scontent-dub4-1.cdninstagram.com&_nc_cat=104&_nc_ohc=0tESvkcMVMsAX8_2C6O&oh=e31a3c01ef7790d3e1a02b329089c07b&oe=5F51D89C,2020-08-23 15:31:54.000000,,75745,[],0,['This was our first live stream. And what a flight'],True,724,False,False
0,2020-09-02 17:37:28.304340,"Indian Content Creator
Flying Beast// FitMuscle TV// Rasbhari Ke Papa
 
IIT KGP // Captain A320 ✈️ 
New channel- Rasbhari Ke Papa 👇",Gaurav Taneja (Flying Beast),True,False,taneja.gaurav,,784,1282485,332,https://scontent-dub4-1.cdninstagram.com/v/t51.2885-15/e35/118248222_1046522705821747_2633217246145932693_n.jpg?_nc_ht=scontent-dub4-1.cdninstagram.com&_nc_cat=107&_nc_ohc=4TSLFudogQMAX_2Ark1&oh=ea77fe51096d03a8c143180c5c78fe1e&oe=5F51C7D9,2020-08-22 17:31:04.000000,,118300,[],0,['Ritu got emotional on LIVE stream'],True,531,False,False
0,2020-09-02 17:37:28.312317,"Indian Content Creator
Flying Beast// FitMuscle TV// Rasbhari Ke Papa
 
IIT KGP // Captain A320 ✈️ 
New channel- Rasbhari Ke Papa 👇",Gaurav Taneja (Flying Beast),True,False,taneja.gaurav,,784,1282485,332,https://scontent-dub4-1.cdninstagram.com/v/t51.2885-15/e35/p1080x1080/117920256_737741787017823_2023995380908586364_n.jpg?_nc_ht=scontent-dub4-1.cdninstagram.com&_nc_cat=103&_nc_ohc=ECY-s2Y2_jgAX-ZMLeN&oh=3c3be4a2ac642edd1b2976a199536993&oe=5F77F68A,2020-08-21 13:26:14.000000,"Photo by Gaurav Taneja (Flying Beast) on August 21, 2020. Image may contain: 1 person, standing and beard.",208140,[],0,['Training makes me HAPPY !! \n.\n#flyingbeast #fitmuscletv #RasbhariKePapa #workout #gym #fitness'],False,1150,False,False
0,2020-09-02 17:37:28.323285,"Indian Content Creator
Flying Beast// FitMuscle TV// Rasbhari Ke Papa
 
IIT KGP // Captain A320 ✈️ 
New channel- Rasbhari Ke Papa 👇",Gaurav Taneja (Flying Beast),True,False,taneja.gaurav,,784,1282485,332,https://scontent-dub4-1.cdninstagram.com/v/t51.2885-15/e35/p1080x1080/118168191_233617071221219_8008124716725131215_n.jpg?_nc_ht=scontent-dub4-1.cdninstagram.com&_nc_cat=111&_nc_ohc=IPx8flBDwt0AX9f-Ye7&oh=a76dfea620a6ab950de7167d80e7b388&oe=5F7858C4,2020-08-20 15:45:25.000000,"Photo shared by Gaurav Taneja (Flying Beast) on August 20, 2020 tagging @rasbhari.taneja. Image may contain: 2 people, baby.",356516,['rasbhari.taneja'],1,['Flexing with papa @rasbhari.taneja \n.\n#flyingbeast #rasbhariKePapa #flex #dadDaughter #cutie #KairaTopa'],False,2298,False,False
0,2020-09-02 17:37:28.329269,"Indian Content Creator
Flying Beast// FitMuscle TV// Rasbhari Ke Papa
 
IIT KGP // Captain A320 ✈️ 
New channel- Rasbhari Ke Papa 👇",Gaurav Taneja (Flying Beast),True,False,taneja.gaurav,,784,1282485,332,https://scontent-dub4-1.cdninstagram.com/v/t51.2885-15/e35/117864331_111686830537285_3178959529361082576_n.jpg?_nc_ht=scontent-dub4-1.cdninstagram.com&_nc_cat=101&_nc_ohc=3QdaNVq-K94AX85J2Zy&oh=425a9c84c646747c18b1d69234502156&oe=5F52181C,2020-08-19 07:32:42.000000,,193467,[],0,[''],True,3163,False,False
0,2020-09-02 17:37:28.336252,"Indian Content Creator
Flying Beast// FitMuscle TV// Rasbhari Ke Papa
 
IIT KGP // Captain A320 ✈️ 
New channel- Rasbhari Ke Papa 👇",Gaurav Taneja (Flying Beast),True,False,taneja.gaurav,,784,1282485,332,https://scontent-dub4-1.cdninstagram.com/v/t51.2885-15/e35/s1080x1080/117663644_689293664957559_8544659053566445928_n.jpg?_nc_ht=scontent-dub4-1.cdninstagram.com&_nc_cat=103&_nc_ohc=AIvhWNLVgjsAX8uqBb8&oh=cb37c83887f179c6628a96f9ef4cde01&oe=5F77D3E4,2020-08-15 15:07:52.000000,"Photo shared by Gaurav Taneja (Flying Beast) on August 15, 2020 tagging @rasbhari.taneja. Image may contain: one or more people.",280262,['rasbhari.taneja'],1,"['Happy Independence Day everyone. Let’s be proud of the rich history, diversity this nation has.\n.\nLet’s become a little better citizens by being a little more considerate towards each other.\n.\nJai Hind.  This day goes out to our forces at the borders and inland. \n.\n#independenceday #JaiHind #flyingbeast']",False,1029,False,False
0,2020-09-02 17:37:28.343241,"Indian Content Creator
Flying Beast// FitMuscle TV// Rasbhari Ke Papa
 
IIT KGP // Captain A320 ✈️ 
New channel- Rasbhari Ke Papa 👇",Gaurav Taneja (Flying Beast),True,False,taneja.gaurav,,784,1282485,332,https://scontent-dub4-1.cdninstagram.com/v/t51.2885-15/e35/p1080x1080/117758865_298465894748882_6585115232545481372_n.jpg?_nc_ht=scontent-dub4-1.cdninstagram.com&_nc_cat=102&_nc_ohc=jZFfH3UQPOgAX8IxqJ1&oh=80699fa44cc3b4d0296752bf419b45f6&oe=5F794FCD,2020-08-15 10:48:48.000000,"Photo shared by Gaurav Taneja (Flying Beast) on August 15, 2020 tagging @myproteinin. Image may contain: 1 person, shoes.",177382,['myproteinin'],1,['Happy Independence Day everyone. \nFeel free and choose your passion. It can be anything. Don’t let anyone tell you what you are capable of.\n.\n@myproteinin freedom sale is LIVE right now . Head over to my stories.\n.\n#happyindependenceday #flyingbeast #rasbhariKePapa #myprotein'],False,510,False,False
0,2020-09-02 17:37:28.354207,"Indian Content Creator
Flying Beast// FitMuscle TV// Rasbhari Ke Papa
 
IIT KGP // Captain A320 ✈️ 
New channel- Rasbhari Ke Papa 👇",Gaurav Taneja (Flying Beast),True,False,taneja.gaurav,,784,1282485,332,https://scontent-dub4-1.cdninstagram.com/v/t51.2885-15/e35/117671454_418554089104357_6451823481089809761_n.jpg?_nc_ht=scontent-dub4-1.cdninstagram.com&_nc_cat=101&_nc_ohc=ygFpTOh0M4QAX8tsa1e&oh=46878f30e65b6d75d95faac436256fd0&oe=5F524A25,2020-08-13 14:24:23.000000,,93631,[],0,"['This Independence Day free yourself from all the negativity, choose your passion to be the best . Choose a career path of your choice and move forward and move forward. A new India awaits you. @myproteinin \n#HappyIndependence Day \n#MyFreedom #MyPassion #Myprotein']",True,951,False,False
0,2020-09-02 17:37:33.850416,founder,therock,True,False,therock,,5109,196574359,401,https://scontent-dub4-1.cdninstagram.com/v/t51.2885-15/e35/118560642_1469986906531229_104316817526110122_n.jpg?_nc_ht=scontent-dub4-1.cdninstagram.com&_nc_cat=1&_nc_ohc=VDiVQQuuAoMAX-PRihY&oh=80302dd23c672dbba9c2cfddd53e55c2&oe=5F520659,2020-09-02 00:16:45.000000,,214754,[],0,['“F*ck I don’t know” 😂\n9 beautiful @teremana birthday shots 🥃🥃🥃🥃🥃🥃🥃🥃🥃 👀 from these rockstars @mllaxa & birthday gal @honee87. \nI’m just gonna leave this right here as this is now become one of my FAVORITE @teremana toasts of ALL TIME 🤣👏🏾\nFor your next birthday or celebration you ladies promise me we’ll raise a glass and SIP THE MANA... 🙏🏾😉🥃🙌🏾\nHappy Birthday 🎂❤️\n#teramana \n#tequilaofthepeople \n#smoothestintheland'],True,1326,False,False
0,2020-09-02 17:37:33.860382,founder,therock,True,False,therock,,5109,196574359,401,https://scontent-dub4-1.cdninstagram.com/v/t51.2885-15/e35/118592062_650356435602498_7288886881796562390_n.jpg?_nc_ht=scontent-dub4-1.cdninstagram.com&_nc_cat=1&_nc_ohc=EhvVm_88tVcAX9ImZuY&oh=b9f1e3bdedb66e8d2dbad97abc06b6c0&oe=5F52662C,2020-09-01 23:54:31.000000,,268252,[],0,['And a BIG @teremana toast to gyms all over the world slowly and safely starting to open back up again 🏋🏾\u200d♂️🥃\nSeeing my fellow gym beasts 🌎 taking nips of Teremana in the gym makes my black heart 🖤 swell with pride 🤣💪🏾\nMahalo @boombeerfit and #ColiseumGym for the bad ass Rock motivation on the wall 🙏🏾\n#teremana \n#tequilaofthepeople \n#tequilaoffitness 🥃💪🏾'],True,861,False,False
0,2020-09-02 17:37:33.874344,founder,therock,True,False,therock,,5109,196574359,401,https://scontent-dub4-1.cdninstagram.com/v/t51.2885-15/e35/118597954_379162369782793_2522490876890589128_n.jpg?_nc_ht=scontent-dub4-1.cdninstagram.com&_nc_cat=1&_nc_ohc=LYspmSgnCJwAX97brme&oh=c1183caddf8f0917b561847070ff599b&oe=5F5209F0,2020-09-01 23:46:30.000000,,250386,[],0,"['I feel you sis, I’ve had one of those weeks too - I’m right there with ya 🥃\nI also created @teremana for these times too when life knocks us around a bit. \nAnd I love that she pours herself a shot and then goes right for the bottle - my kinda gal 🤣👏🏾🙌🏾🥃\nHang in there @ohheyitsmaria12! \nWe all know that dance 💃🏼🕺🏽 \n#teremana \n#tequilaofthepeople']",True,1050,False,False
0,2020-09-02 17:37:33.882353,founder,therock,True,False,therock,,5109,196574359,401,https://scontent-dub4-1.cdninstagram.com/v/t51.2885-15/e35/118595249_172492101054072_1283433551109237120_n.jpg?_nc_ht=scontent-dub4-1.cdninstagram.com&_nc_cat=1&_nc_ohc=PddNGL_wr8MAX8ru5Vv&oh=f23245807b17d5cc4e7608e2ab581a67&oe=5F521E0D,2020-09-01 23:38:33.000000,,349650,[],0,['Cheers to my @teremana #ManaOhana and I appreciate the love 🥃\nEnjoy!! \n#TeremanaTuesday\n#TequilaOfThePeople 🥃\n* dude bulls eye’n 🎯 the ax throw is bad ass 👀👏🏾👏🏾'],False,815,False,False
0,2020-09-02 17:37:33.893295,founder,therock,True,False,therock,,5109,196574359,401,https://scontent-dub4-1.cdninstagram.com/v/t51.2885-15/e35/118594265_1022003588237504_1652565147934378742_n.jpg?_nc_ht=scontent-dub4-1.cdninstagram.com&_nc_cat=1&_nc_ohc=Rdfp7RVMXVcAX8psbtd&oh=7d957ee052eb28b6336674cf4d6cafd9&oe=5F5206CE,2020-09-01 23:33:11.000000,,302240,[],0,['The most electrifying and fun day in the world of spirits - @teremana Tuesday! 🔥🥃🥃\nTHANK YOU guys for all these amazing videos you send in. \nI created TEREMANA to be an “experience” for you to enjoy. \nAnd that’s exactly what you’re doing! \nI’m right there with you raising my glass - cheers 🥃\n#teremana \n#smoothestintheland\n#tequilaofthepeople 🥃🥃'],False,852,False,False
0,2020-09-02 17:37:33.905264,founder,therock,True,False,therock,,5109,196574359,401,https://scontent-dub4-1.cdninstagram.com/v/t51.2885-15/e35/p1080x1080/118570862_323112302263835_5309947129176900146_n.jpg?_nc_ht=scontent-dub4-1.cdninstagram.com&_nc_cat=1&_nc_ohc=hLYmcBtn7cUAX-z10bn&oh=c1b4f083c21cdda4c702cb6d43dbcd16&oe=5F7A6A70,2020-09-01 18:28:17.000000,"Photo by therock on September 01, 2020. Image may contain: 2 people, indoor.",2288880,[],0,"['My XFL helmets arrived to my office and (holy shit!) I’m humbled and grateful at how full circle life can sometimes be 🙏🏾🏈 \nMy dreams of playing in the NFL never came true, but now years later - I have the honor of buying an entire pro football league so the dreams of other players CAN COME TRUE. \nMy trailblazing partner @danygarciaco (first woman ever to own an entire US sports league) and #GerryCardinale are passionate football owners who are committed to the grind to deliver awesome football for the fans — and always take care of our hard working, talented players. \nAnd finally, I keep a framed $7 BUCKS (the amount of money I had when I was cut from the Canadian Football League in 1995) on the top shelf here as my daily reminder to stay hungry, humble and always be the hardest worker in the room. \n#LeagueOfCulture\n#LeagueOfExpression\n#LeagueOfPassion \n#LeagueOfThePeople\n#WeAreTheXFL 🏈']",False,13379,False,False
0,2020-09-02 17:37:33.913242,founder,therock,True,False,therock,,5109,196574359,401,https://scontent-dub4-1.cdninstagram.com/v/t51.2885-15/e35/118647989_669924116952035_1022214329364608198_n.jpg?_nc_ht=scontent-dub4-1.cdninstagram.com&_nc_cat=1&_nc_ohc=PYQ48l-QFoQAX8zPWVf&oh=786c161227706ad757aca7c9b4f39e8f&oe=5F51F43A,2020-09-01 16:59:17.000000,,602591,[],0,['Game changers 👟🔥\nThe next evolution of bad ass @projectrock @underarmour training shoe arrives THIS THURSDAY! \nInnovation. \nPerformance. \nEdge. \nDesigned by me - put to work by you. \n#PR3s \nDROPS THIS THURSDAY 🔥👟👊🏾\n@jonbrandoncruz 🎥'],True,4112,False,False
0,2020-09-02 17:37:33.924214,founder,therock,True,False,therock,,5109,196574359,401,https://scontent-dub4-1.cdninstagram.com/v/t51.2885-15/e35/118516492_612391676127551_2150386912953600545_n.jpg?_nc_ht=scontent-dub4-1.cdninstagram.com&_nc_cat=1&_nc_ohc=7EKbfQ3cAEgAX9opuJO&oh=eb9bffaeb0e60e2e35993a9ca691651f&oe=5F51EECC,2020-08-31 08:44:28.000000,,638830,[],0,"['My midnight @teremana toast 🥃 to you. \nTo gratitude, family and always trying to find those silver linings. \nAnd if you’re “going thru it” I completely understand - sometimes we gotta do our best smile and laugh thru the tough times. \nYesterday’s headlines are today’s punchlines. \nHave a productive week, my friends and get out there and kick ass. \n🥃']",True,6950,False,False
0,2020-09-02 17:37:33.939176,founder,therock,True,False,therock,,5109,196574359,401,https://scontent-dub4-1.cdninstagram.com/v/t51.2885-15/e35/p1080x1080/118512751_117178369929080_8841232561677785612_n.jpg?_nc_ht=scontent-dub4-1.cdninstagram.com&_nc_cat=1&_nc_ohc=8Kv66bvqoYAAX-lryWG&oh=c7b2be9acefb7d8016b2160e80e1c965&oe=5F7A55BC,2020-08-30 02:29:11.000000,"Photo by therock on August 29, 2020. Image may contain: 1 person.",3370225,[],0,['“Comin’ to you on a dusty road \nGood lovin’ I got a truckload”💪🏾\nAppreciate the mana these past two weeks SoulMan. \nThe lift was needed. \n#weearnedthisone✊🏾'],False,12763,False,False
0,2020-09-02 17:37:33.947151,founder,therock,True,False,therock,,5109,196574359,401,https://scontent-dub4-1.cdninstagram.com/v/t51.2885-15/e35/118594344_1659459070879503_5382826697708175272_n.jpg?_nc_ht=scontent-dub4-1.cdninstagram.com&_nc_cat=1&_nc_ohc=Vj1couHjN6EAX8RHq9F&oh=0a9d30009cfd49123c42246db585adc7&oe=5F7A51FB,2020-08-29 07:39:08.000000,"Photo by therock on August 28, 2020. Image may contain: 1 person, closeup.",7130971,[],0,"['“Press on with pride. Press on with purpose” - Chadwick Boseman \nThis was hard to hear about. \nHard to imagine the quiet pain and struggle you went thru all these years, yet still shined your powerful light and talents to inspire the world. \nEspecially, our kids who finally saw themselves as a superhero — because of you. \nRest in power, brother. \nMy love and strength to your family. \nYou will always press on with pride and purpose.\n@aspictures 📸🖤']",False,47238,False,False
0,2020-09-02 17:37:33.958125,founder,therock,True,False,therock,,5109,196574359,401,https://scontent-dub4-1.cdninstagram.com/v/t51.2885-15/e35/118597251_359288952134290_6063705826360152112_n.jpg?_nc_ht=scontent-dub4-1.cdninstagram.com&_nc_cat=1&_nc_ohc=BKqK6CKU5FgAX96xjPm&oh=6bbcea2d515dc61adbcb15c391e4eb89&oe=5F5201C4,2020-08-26 08:02:41.000000,,419904,[],0,['Low key here’s me with my @teremana when I put my babies to sleep 🥳🥃\nCos I know I’m gonna practice makin’ more 😜🤫 \n#teremanatuesday \n#horizontalhula \n#enjoyyourmana 🥃'],True,4236,False,False
0,2020-09-02 17:37:33.971104,founder,therock,True,False,therock,,5109,196574359,401,https://scontent-dub4-1.cdninstagram.com/v/t51.2885-15/e35/117621989_3059725904253970_8536282895194129692_n.jpg?_nc_ht=scontent-dub4-1.cdninstagram.com&_nc_cat=1&_nc_ohc=SEld3nbNpBQAX9a-GbI&oh=e5455ca380fc763bc4c0bde295e8235d&oe=5F51D9F8,2020-08-26 07:49:54.000000,,261575,[],0,"['One for all my fellow beasts 🏋🏾 🥃\nHappy @teremana birthday @khewitt171! \nSets a PR of 525LBS on the deadlift and celebrates in style. \nMany of you know, I keep a bottle of refrigerated Teremana in my Iron Paradise for such occasions 😛💪🏾\nCongrats, brother keep kickin ass. \n#teremanatuesday \n#tequilaofthepeople']",True,1101,False,False
